Stock Invested in,Sector,Value(Mn), % of Total Holdings,1Y Highest Holding,1Y Lowest Holding
 Fine Organic Industries Ltd.,Chemicals - speciality,5230.8,5.01%,5.01% (Aug 2022),3.16% (Sep 2021)
 Galaxy Surfactants Ltd.,Chemicals - speciality,5200.6,4.98%,5.3% (Sep 2021),4.34% (Mar 2022)
 Narayana Hrudayalaya Ltd.,Hospital,4137.1,3.96%,4.12% (Apr 2022),3.41% (Sep 2021)
Brigade Enterprises Ltd.,Residential/commercial/sez project,4066.9,3.90%,4.75% (Nov 2021),3.79% (Apr 2022)
 Birlasoft Ltd.,Computers - software,3646.5,3.49%,4.71% (Dec 2021),2.66% (Sep 2021)
 CCL Products (India) Ltd.,Tea & coffee,3472.6,3.33%,3.69% (Jan 2022),2.85% (May 2022)
 Krishna Institute of Medical Sciences Ltd.,Hospital,2908.6,2.79%,3.3% (Dec 2021),2.53% (Oct 2021)
 Blue Star Ltd.,Air conditioner,2770.6,2.65%,2.65% (Aug 2022),1.72% (Jan 2022)
 City Union Bank Ltd.,Banks,2721.9,2.61%,2.61% (Aug 2022),1.02% (Mar 2022)
 Orient Refractories Ltd.,Castings/forgings,2454.9,2.35%,2.83% (Mar 2022),1.84% (Nov 2021)
 Grindwell Norton Ltd.,Abrasives,2426.1,2.32%,2.55% (Dec 2021),1.95% (Jul 2022)
 J K Lakshmi Cement Ltd.,Cement,2275.9,2.18%,3.62% (Sep 2021),2.07% (Jun 2022)
 Can Fin Homes Ltd.,Housing finance,2210.4,2.12%,2.53% (Sep 2021),1.53% (Jun 2022)
 Mahindra CIE Automotive Ltd.,Castings/forgings,1924.4,1.84%,1.92% (Jul 2022),0.99% (Mar 2022)
 Chemplast Sanmar Ltd.,Chemicals - organic,1784.9,1.71%,3.01% (Sep 2021),1.71% (Aug 2022)
 Ahluwalia Contracts (India) Ltd.,Construction civil,1717.7,1.65%,2.2% (Apr 2022),1.65% (Aug 2022)
 Persistent Systems Ltd.,Computers - software,1692.6,1.62%,2.15% (Dec 2021),1.33% (Jul 2022)
 Rolex Rings Private Ltd.,Auto ancillaries,1578,1.51%,1.62% (Jul 2022),1.1% (Nov 2021)
 Neogen Chemicals Ltd.,Chemicals - speciality,1529.7,1.47%,2.06% (Dec 2021),0.24% (Jul 2022)
 Coforge Ltd.,Computers - software,1386.4,1.33%,2.79% (Sep 2021),1.33% (Aug 2022)
 MTAR Technologies Ltd.,Defense,1360.3,1.30%,1.59% (Mar 2022),0.71% (Sep 2021)
 Deepak Fertilisers & Petrochemicals Corp. Ltd.,Chemicals - inorganic,1208.2,1.16%,1.16% (Aug 2022),0% (Sep 2021)
 Orient Electric Ltd.,Home appliances,1173.7,1.12%,2.24% (Nov 2021),1.12% (Aug 2022)
 J.K. Cement Ltd.,Cement,1163.7,1.12%,2.05% (Oct 2021),1.01% (Jun 2022)
 Sudarshan Chemical Industries Ltd.,Dyes and pigments,1121.4,1.07%,1.6% (Sep 2021),0.97% (May 2022)
 PNC Infratech Ltd.,Construction civil,1083.7,1.04%,2.84% (Sep 2021),0.99% (Jul 2022)
 Sundaram Finance Limited,Nbfc,1015.3,0.97%,0.97% (Aug 2022),0% (Sep 2021)
 KNR Constructions,Construction civil,1010.2,0.97%,1.52% (Sep 2021),0.97% (Aug 2022)
 KPIT Technologies Ltd.,Computers - software,1002.3,0.96%,2% (Jan 2022),0.96% (Aug 2022)
 Vesuvius India Ltd.,Refractories,993.9,0.95%,1.16% (Sep 2021),0.76% (Apr 2022)
 Tata Elxsi Ltd.,Computers - software,991.7,0.95%,5.59% (Sep 2021),0.95% (Aug 2022)
 TCNS Clothing Company Ltd.,Fabrics and garments,945.2,0.91%,1.67% (Nov 2021),0.91% (Aug 2022)
 Heidelberg Cement India Ltd.,Cement,930,0.89%,1.04% (Sep 2021),0.6% (May 2022)
 Mas Financial Services Ltd.,Nbfc,914.8,0.88%,1.3% (Sep 2021),0.67% (Jul 2022)
 J.b. Chemicals & Pharmaceuticals Ltd.,Pharmaceuticals,865.8,0.83%,0.83% (Aug 2022),0% (Sep 2021)
 Minda Industries Ltd.,Auto ancillaries,850.7,0.82%,0.87% (Dec 2021),0.6% (Mar 2022)
 Alicon Castalloy Ltd.,Castings/forgings,805.2,0.77%,1.07% (Oct 2021),0.72% (Jun 2022)
 SRF Ltd.,Chemicals - speciality,795.3,0.76%,1.15% (Sep 2021),0.76% (Aug 2022)
 Ipca Laboratories Ltd.,Pharmaceuticals,768.4,0.74%,0.87% (Jul 2022),0.53% (Mar 2022)
 Navin Flourine International Ltd.,Chemicals - inorganic,742.2,0.71%,0.85% (Dec 2021),0.71% (Aug 2022)
 Go Fashion (India) Ltd.,Speciality retail,732.9,0.70%,0.7% (Aug 2022),0% (Sep 2021)
 Data Patterns India Ltd.,Defense,708.1,0.68%,0.68% (Aug 2022),0% (Sep 2021)
#NAME?,Chemicals - speciality,682.8,0.65%,1.43% (Oct 2021),0.64% (Jun 2022)
 Sansera Engineering Ltd.,Auto ancillaries,668.4,0.64%,0.73% (Sep 2021),0.5% (Mar 2022)
 S.J.S. Enterprises Ltd.,Auto ancillaries,664.1,0.64%,0.78% (Nov 2021),0% (Sep 2021)
 Mindtree Ltd.,Computers - software,632.2,0.61%,1.17% (Oct 2021),0.61% (Aug 2022)
 Phoenix Mills Ltd.,Residential/commercial/sez project,590.6,0.57%,0.57% (Aug 2022),0% (Sep 2021)
 Cholamandalam Investment & Finance Co. Ltd.,Nbfc,583.4,0.56%,0.56% (Aug 2022),0% (Sep 2021)
 Vst Industries Ltd.,Cigarettes,558.4,0.54%,0.8% (Sep 2021),0.54% (Aug 2022)
 Cholamandalam Financial Holdings Ltd.,Other financial services,536,0.51%,0.67% (Oct 2021),0.48% (Mar 2022)
 Jamna Auto Inds. Ltd.,Auto ancillaries,483.6,0.46%,0.56% (Jun 2022),0.21% (Sep 2021)
 JM Financial Ltd.,Stockbroking and allied,470.4,0.45%,0.93% (Sep 2021),0.45% (Aug 2022)
 Vijaya Diagnostic Centre Ltd.,Healthcare service providers,384.4,0.37%,0.66% (Jan 2022),0.37% (Aug 2022)
 Multi Commodity Exchange Of India Ltd.,Other financial services,380.5,0.36%,0.68% (Oct 2021),0.36% (Aug 2022)
 Container Corporation Of India Ltd.,Logistics solution provider,361,0.35%,0.46% (Sep 2021),0.32% (Feb 2022)
 Balrampur Chini Mills Ltd.,Sugar,358.5,0.34%,0.53% (Mar 2022),0.34% (Aug 2022)
 EPL Ltd.,Packaging,300.3,0.29%,0.58% (Sep 2021),0.29% (Jun 2022)
 Minda Corporation Ltd.,Auto ancillaries,297.7,0.29%,0.35% (Apr 2022),0% (Sep 2021)
 Craftsman Automation Ltd.,Auto ancillaries,294,0.28%,0.32% (Jul 2022),0% (Sep 2021)
 Suryoday Small Finance Bank Ltd.,Banks,285.2,0.27%,0.68% (Oct 2021),0.24% (Jun 2022)
 Computer Age Management Services Pvt Ltd.,It enabled services,276.1,0.26%,0.59% (Sep 2021),0.26% (Aug 2022)
 Teamlease Services Ltd.,Diversified commercial services,275.7,0.26%,0.5% (Sep 2021),0.26% (Aug 2022)
 Mrs.Bectors Food Specialities Ltd.,Consumer food,273.9,0.26%,0.42% (Sep 2021),0.24% (Jun 2022)
 Rainbow Childrens Medicare Ltd.,Hospital,269.4,0.26%,0.26% (Aug 2022),0% (Sep 2021)
 Fortis Healthcare Ltd.,Hospital,254.9,0.24%,0.25% (Jul 2022),0% (Sep 2021)
 Neogen Chemicals Ltd.,Chemicals - speciality,254.8,0.24%,2.06% (Dec 2021),0.24% (Jul 2022)
 Aether Industries Ltd.,Chemicals - speciality,95.4,0.09%,0.1% (Jul 2022),0% (Sep 2021)
Motherson Sumi Wiring India Ltd.,Auto ancillaries,86.7,0.08%,0.08% (Aug 2022),0% (Sep 2021)
 Sona BLW Precision Forgings Ltd.,Auto ancillaries,70.4,0.07%,0.08% (Jun 2022),0% (Sep 2021)
K.P.R. Mill Ltd.,Fabrics and garments,61.1,0.06%,0.08% (Feb 2022),0% (Sep 2021)
Symphony Ltd.,Consumer elctronics,59.5,0.06%,0.63% (Sep 2021),0.06% (Jul 2022)
Bata India Ltd.,Leather and leather products,31,0.03%,0.03% (Aug 2022),0% (Sep 2021)
V-Guard Industries Ltd.,Industrial electronics,14,0.01%,0.01% (Jul 2022),0% (Sep 2021)
Suprajit Engineering Ltd.,Auto ancillaries,3.9,0.00%,0.01% (Mar 2022),0% (Sep 2021)
Igarashi Motors India Ltd.,Auto ancillaries,0,0.00%,0.32% (Sep 2021),0% (May 2022)
Rolex Rings Private Ltd.,Auto ancillaries,1618.9,3.91%,3.97% (Jun 2022),2.06% (Nov 2021)
 INOX Leisure Ltd.,Flim production, distribution & exhibition,1452.8,-0.79%,4.59% (Oct 2021)
 KEI Industries Ltd.,Cables - electricals,1448.1,3.50%,4.31% (Mar 2022),3.39% (Oct 2021)
 CCL Products (India) Ltd.,Tea & coffee,1369.2,3.31%,3.31% (Aug 2022),1.75% (Oct 2021)
 Mahindra Lifespace Developers Ltd.,Residential/commercial/sez project,1324.2,3.20%,5% (Mar 2022),3.18% (Dec 2021)
 V-Mart Retail Ltd.,Retailing,1313.3,3.17%,4.2% (Mar 2022),3.13% (Jul 2022)
 Cyient Ltd.,It enabled services – software,1238.1,2.99%,3.42% (Apr 2022),2.96% (Jan 2022)
 Jamna Auto Inds. Ltd.,Auto ancillaries,1096.5,2.65%,3.53% (Jun 2022),2.65% (Aug 2022)
 Mold-Tek Packaging Ltd.,Packaging,1077.7,2.60%,2.6% (Aug 2022),0% (Sep 2021)
 Multi Commodity Exchange Of India Ltd.,Other financial services,1076.6,2.60%,3.17% (May 2022),1.75% (Oct 2021)
 Blue Star Ltd.,Air conditioner,1008.3,2.44%,3.45% (Feb 2022),2.27% (Jul 2022)
 Birlasoft Ltd.,Computers - software,1002,2.42%,4.37% (Feb 2022),2.42% (Aug 2022)
 SBI Cards and Payment Services Ltd.,Nbfc,977.6,2.36%,2.54% (Jul 2022),0% (Sep 2021)
 PNC Infratech Ltd.,Construction civil,914.9,2.21%,2.36% (Sep 2021),1.51% (Dec 2021)
 J.b. Chemicals & Pharmaceuticals Ltd.,Pharmaceuticals,875.3,2.12%,2.18% (Jul 2022),1.77% (Oct 2021)
 VRL Logistic Ltd.,Logistics solution provider,845.8,2.04%,2.55% (May 2022),1.72% (Oct 2021)
 Dixon Technologies (India) Ltd.,Consumer elctronics,831.7,2.01%,3.2% (May 2022),0.58% (Apr 2022)
 Tarsons Products Ltd.,Medical equipment & supplies,789.7,1.91%,2.6% (Mar 2022),0% (Sep 2021)
 Gateway Rail Freight Ltd.,Logistics solution provider,779.5,1.88%,2.21% (May 2022),0% (Sep 2021)
 Cholamandalam Financial Holdings Ltd.,Other financial services,754.1,1.82%,2.4% (Sep 2021),1.78% (Jul 2022)
#NAME?,Residential/commercial/sez project,733,1.77%,3.05% (Oct 2021),1.52% (Apr 2022)
 Go Fashion (India) Ltd.,Speciality retail,712.3,1.72%,1.72% (Aug 2022),0% (Sep 2021)
 Barbeque-Nation Hospitality Ltd.,Consumer food,693,1.67%,2.04% (Apr 2022),0.89% (Sep 2021)
 Aster DM Healthcare Ltd.,Hospital,680.1,1.64%,1.77% (Jul 2022),1.27% (Dec 2021)
 Sudarshan Chemical Industries Ltd.,Dyes and pigments,679.4,1.64%,2.14% (Sep 2021),1.31% (May 2022)
 Arvind Fashions Ltd.,Industrial equipment,662.4,1.60%,1.79% (Jul 2022),0.9% (Aug 2022)
 Camlin Fine Sciences Ltd.,Chemicals - speciality,654,1.58%,2.79% (Sep 2021),1.49% (Jul 2022)
 Birla Corporation Ltd.,Cement,649.2,1.57%,2.26% (Feb 2022),1.57% (Aug 2022)
 Jyothy Laboratories Ltd.,Personal care,645.9,1.56%,1.65% (Sep 2021),1.36% (Dec 2021)
 Indoco Remedies Ltd.,Pharmaceuticals,635.6,1.54%,2.07% (Oct 2021),1.54% (Aug 2022)
 Cms Info Systems Ltd.,Diversified commercial services,605.8,1.46%,1.6% (Jul 2022),0% (Sep 2021)
 Orient Electric Ltd.,Home appliances,510.9,1.23%,1.52% (May 2022),0.94% (Mar 2022)
 Zensar Technologies Ltd.,Computers - software,492.6,1.19%,1.81% (May 2022),0% (Sep 2021)
 EPL Ltd.,Packaging,475.4,1.15%,1.5% (Sep 2021),0.63% (May 2022)
 Astec Lifesciences Ltd.,Pesticides and agrochemicals,431,1.04%,1.16% (Jun 2022),0.75% (Sep 2021)
 Minda Industries Ltd.,Auto ancillaries,423.4,1.02%,1.96% (Nov 2021),1.01% (Jul 2022)
 Tata Metaliks Ltd.,Pig iron,413.7,1.00%,1.25% (Jan 2022),0.66% (Jul 2022)
 Century Plyboards India Ltd.,Plywood boards,3881.1,4.64%,5.85% (Mar 2022),4.54% (Jun 2022)
 Carborundum Universal Ltd.,Abrasives,3533.2,4.23%,4.58% (Sep 2021),3.89% (Apr 2022)
 Sheela Foam Ltd.,Houseware,2872.3,3.44%,4.96% (Feb 2022),3.44% (Aug 2022)
 Galaxy Surfactants Ltd.,Chemicals - speciality,2852,3.41%,3.55% (Sep 2021),2.83% (Nov 2021)
 Ratnamani Metals & Tubes Ltd.,Steel products,2663.3,3.19%,3.31% (May 2022),2.53% (Jan 2022)
 Blue Dart Express Ltd.,Logistics solution provider,2178.6,2.61%,2.91% (Jun 2022),1.69% (Nov 2021)
 Blue Star Ltd.,Air conditioner,2177,2.61%,3.18% (Feb 2022),2.5% (Jul 2022)
 Cyient Ltd.,It enabled services – software,2102.9,2.52%,2.82% (Jan 2022),2.19% (Nov 2021)
 Schaeffler India Ltd.,Bearings,2023.3,2.42%,2.42% (Aug 2022),1.45% (Sep 2021)
 Supreme Industries Ltd.,Plastic products,1947.5,2.33%,3.2% (Oct 2021),2.33% (Aug 2022)
 Garware Technical Fibres Ltd.,Textiles,1894.5,2.27%,2.27% (Aug 2022),0.3% (Nov 2021)
 Solar Industries India Ltd.,Explosives,1824,2.18%,2.32% (Nov 2021),1.83% (Sep 2021)
 Somany Ceramics Ltd.,Sanitary ware,1782.3,2.13%,3.29% (Jan 2022),2.13% (Aug 2022)
 V-Guard Industries Ltd.,Industrial electronics,1758.3,2.10%,2.52% (May 2022),2.1% (Aug 2022)
 Persistent Systems Ltd.,Computers - software,1668.1,2.00%,3.44% (Dec 2021),2% (Aug 2022)
 Alembic Pharmaceuticals Ltd.,Pharmaceuticals,1657.4,1.98%,2.11% (Jul 2022),0% (Sep 2021)
 ICICI Bank Ltd.,Banks,1566.7,1.88%,1.88% (Aug 2022),1.43% (Sep 2021)
 Amber Enterprises India Ltd.,Air conditioner,1533,1.83%,3.41% (Feb 2022),1.83% (Aug 2022)
 Shyam Metalics and Energy Ltd.,Steel,1441.7,1.73%,2.2% (Mar 2022),1.69% (Oct 2021)
 Bharat Earth Movers Ltd.,Industrial equipment,1394.3,1.67%,1.67% (Aug 2022),1.19% (Jul 2022)
 Mahindra Lifespace Developers Ltd.,Residential/commercial/sez project,1355.3,1.62%,1.62% (Aug 2022),0.95% (Dec 2021)
 J.K. Cement Ltd.,Cement,1316.6,1.58%,1.93% (Oct 2021),1.38% (Jun 2022)
 Sansera Engineering Ltd.,Auto ancillaries,1280.6,1.53%,1.53% (Aug 2022),0.18% (Sep 2021)
 Orient Electric Ltd.,Home appliances,1269.9,1.52%,2.3% (Nov 2021),1.52% (Aug 2022)
 Nilkamal Ltd.,Plastic products,1245.2,1.49%,2.48% (Sep 2021),1.49% (Aug 2022)
 Rolex Rings Private Ltd.,Auto ancillaries,1231.4,1.47%,1.61% (Jul 2022),1.12% (Nov 2021)
 Great Eastern Shipping Co. Ltd.,Shipping,1175.5,1.41%,1.41% (Aug 2022),0.64% (Dec 2021)
 V.I.P. Industries Ltd,Plastic products - consumer,1130.1,1.35%,1.96% (Mar 2022),1.35% (Aug 2022)
Anonymous,Chemicals - speciality,1116.5,1.34%,2.13% (Sep 2021),1.34% (Aug 2022)
 Shoppers Stop Limited,Retailing,1075,1.29%,1.29% (Aug 2022),0.57% (Sep 2021)
 Pi Industries Ltd.,Pesticides and agrochemicals,1039.2,1.24%,1.24% (Aug 2022),0.81% (Nov 2021)
 Hawkins Cookers Ltd.,Consumer products,1034.9,1.24%,1.85% (Sep 2021),1.24% (Aug 2022)
 V-Mart Retail Ltd.,Retailing,1023.4,1.22%,1.22% (Aug 2022),0.73% (Feb 2022)
 Thermax Ltd.,Industrial equipment,1000.3,1.20%,1.27% (Jan 2022),0.92% (Oct 2021)
 Kajaria Ceramics Ltd.,Sanitary ware,954.1,1.14%,1.57% (Jan 2022),1.1% (Jun 2022)
 Techno Electric & Engineering Co. Ltd.,Engineering, designing,1.11%,-0.11%,
 VST Tillers Tractors Ltd.,Tractors,921.8,1.10%,1.6% (Sep 2021),1.1% (Aug 2022)
 APL Apollo Tubes Ltd.,Steel products,892.9,1.07%,1.47% (Dec 2021),1.07% (Aug 2022)
 Lux Industries Ltd.,Fabrics and garments,839.1,1.00%,2.51% (Nov 2021),1% (Aug 2022)
 Atul Ltd.,Chemicals - speciality,837.2,1.00%,1.04% (Jul 2022),0.82% (Apr 2022)
 Aavas Financiers Ltd.,Housing finance,835,1.00%,1.13% (Jul 2022),0.48% (Dec 2021)
 Go Fashion (India) Ltd.,Speciality retail,797,0.95%,0.96% (Jun 2022),0% (Sep 2021)
 Apollo Pipes Ltd.,Nbfc,795.6,0.95%,1.39% (Sep 2021),0.84% (Jun 2022)
 Dixon Technologies (India) Ltd.,Consumer elctronics,734.4,0.88%,1.46% (Dec 2021),0.85% (Jul 2022)
 Torrent Pharmaceuticals Ltd.,Pharmaceuticals,719.1,0.86%,0.86% (Aug 2022),0.39% (Oct 2021)
 Prataap Snacks Ltd.,Consumer food,706.6,0.85%,1.1% (Dec 2021),0.78% (Jun 2022)
 Coromandel International Ltd.,Fertilisers-phosphatic,688.6,0.82%,0.88% (Jun 2022),0.58% (Oct 2021)
Anonymous,Banks,677.6,0.81%,0.98% (Jan 2022),0.77% (Nov 2021)
 Shriram City Union Finance Ltd.,Nbfc,548.2,0.66%,1.01% (Oct 2021),0.65% (Mar 2022)
 Dhanuka Agritech Ltd.,Pesticides and agrochemicals,516.7,0.62%,0.97% (Sep 2021),0.62% (Aug 2022)
 Whirlpool Of India Ltd.,Home appliances,497.2,0.60%,0.62% (May 2022),0% (Sep 2021)
 JMC Projects (India) Ltd.,Construction civil,492.4,0.59%,0.96% (Sep 2021),0.54% (Jul 2022)
 Sandhar Technologies Ltd.,Auto ancillaries,429.2,0.51%,0.89% (Sep 2021),0.51% (Aug 2022)
 Mahindra & Mahindra Financial Services Ltd.,Nbfc,410.6,0.49%,0.49% (Aug 2022),0.26% (Mar 2022)
 WPIL Ltd.,Compressors / pumps,409.3,0.49%,0.51% (May 2022),0.38% (Mar 2022)
 The Ramco Cements Ltd.,Cement,404.3,0.48%,0.92% (Oct 2021),0.48% (Aug 2022)
 Kewal Kiran Clothing Ltd.,Fabrics and garments,367.9,0.44%,0.44% (Aug 2022),0.24% (Mar 2022)
 Medplus Health Services Ltd.,Speciality retail,353.3,0.42%,0.77% (Jan 2022),0% (Sep 2021)
 Hindustan Oil Exploration Co. Ltd.,Oil exploration,322.7,0.39%,0.7% (Sep 2021),0.39% (Aug 2022)
 Heritage Foods (india) Ltd.,Consumer food,251.1,0.30%,0.66% (Oct 2021),0.28% (Jul 2022)
 Motherson Sumi Systems Ltd.,Auto ancillaries,217.5,0.26%,0.58% (Dec 2021),0.26% (Aug 2022)
 MTAR Technologies Ltd.,Defense,205.6,0.25%,0.46% (Dec 2021),0.2% (Jul 2022)
 Zydus Lifesciences Ltd.,Pharmaceuticals,198.5,0.24%,0.49% (Sep 2021),0.23% (Jul 2022)
 UTI Asset Management Co. Pvt. Ltd.,Investment companies,187.1,0.22%,0.38% (Nov 2021),0.17% (Oct 2021)
 Varroc Engineering Pvt Ltd.,Auto ancillaries,171.6,0.21%,0.34% (Sep 2021),0.21% (Aug 2022)
Anonymous,Computers - software,163.3,0.20%,0.52% (Sep 2021),0.19% (Jun 2022)
Anonymous,Cables - electricals,159.6,0.19%,0.38% (Nov 2021),0.19% (Aug 2022)
 Barbeque-Nation Hospitality Ltd.,Consumer food,137.4,0.16%,0.33% (Oct 2021),0.15% (May 2022)
Anonymous,Chemicals - speciality,114.6,0.14%,0.16% (Jun 2022),0% (Sep 2021)
 Clean Science and Technology Ltd.,Chemicals - speciality,52.2,0.06%,0.25% (Oct 2021),0.06% (Aug 2022)
Anonymous,Other financial services,39.4,0.05%,0.06% (May 2022),0% (Sep 2021)
 Patanjali Foods Ltd.,Consumer food,14.5,0.02%,0.11% (Apr 2022),0% (Sep 2021)
 Bajaj Electricals Ltd.,Home appliances,6763.4,4.90%,5.49% (Sep 2021),4.55% (May 2022)
 Sonata Software Ltd.,Computers - software,5775.8,4.19%,5.35% (Nov 2021),4.19% (Aug 2022)
 Bank Of Baroda,Banks,5189.5,3.76%,3.76% (Aug 2022),1.05% (Dec 2021)
 Firstsource Solutions Ltd.,It enabled services – software,5050.2,3.66%,7.2% (Oct 2021),3.66% (Aug 2022)
 eClerx Services Ltd.,It enabled services – software,3913.4,2.84%,3.4% (Dec 2021),2.84% (Aug 2022)
 Great Eastern Shipping Co. Ltd.,Shipping,3798.7,2.75%,2.75% (Aug 2022),1.35% (Dec 2021)
 Aster DM Healthcare Ltd.,Hospital,3649.4,2.65%,2.93% (Jul 2022),2.07% (Dec 2021)
 Chambal Fertilizers & Chemicals Ltd.,Fertilisers-composite,3642.6,2.64%,4.39% (Apr 2022),2.38% (Jun 2022)
 Gujarat Fluorochemicals Ltd.,Chemicals - speciality,3454.4,2.50%,2.74% (Jan 2022),1.87% (Oct 2021)
 KEI Industries Ltd.,Cables - electricals,3403.3,2.47%,2.63% (Sep 2021),1.99% (Feb 2022)
 PNC Infratech Ltd.,Construction civil,3352.9,2.43%,3.37% (Sep 2021),2.27% (Dec 2021)
 SKF India Ltd.,Bearings,3108.8,2.25%,2.25% (Aug 2022),1.58% (Sep 2021)
 Vardhman Textiles Ltd.,Spinning-cotton/blended,3061.9,2.22%,3.86% (Feb 2022),2.08% (Jun 2022)
 Infrastructure Development Finance Company Limited,Financial institution,3028.1,2.19%,2.19% (Aug 2022),0% (Sep 2021)
 Sharda Cropchem Ltd.,Pesticides and agrochemicals,2934.1,2.13%,3.33% (May 2022),1.32% (Oct 2021)
 Transport Corporation Of India Ltd.,Logistics solution provider,2933.6,2.13%,2.51% (May 2022),1.3% (Sep 2021)
 Radico Khaitan Ltd.,Brew/distilleries,2837.1,2.06%,3.03% (Dec 2021),2.06% (Aug 2022)
Delta Corp Ltd.,Other recreational activities,2366.1,1.71%,2.12% (Mar 2022),1.55% (Dec 2021)
 La-Opala RG Ltd.,Glass – consumer,2271.5,1.65%,1.98% (Dec 2021),1.4% (May 2022)
 Suprajit Engineering Ltd.,Auto ancillaries,2283.3,1.65%,2.27% (Nov 2021),1.65% (Aug 2022)
 Kirloskar Ferrous Industries Ltd.,Pig iron,2268.4,1.64%,1.71% (Apr 2022),1.38% (Dec 2021)
 Finolex Industries Ltd.,Plastic products,2110.3,1.53%,2.63% (Oct 2021),1.42% (Jul 2022)
 Federal Bank Ltd.,Banks,2116,1.53%,1.53% (Aug 2022),1.03% (Dec 2021)
 Redington (India) Ltd.,Logistics solution provider,2097.9,1.52%,1.68% (Feb 2022),1.34% (Jul 2022)
 KEC International Ltd.,Engineering, designing,1.47%,-0.31%,
 Gabriel India Ltd.,Auto ancillaries,1916.2,1.39%,1.39% (Aug 2022),0.92% (Jan 2022)
 Indian Bank,Banks,1839.2,1.33%,1.33% (Aug 2022),0.75% (Dec 2021)
 Insecticides (India) Ltd.,Pesticides and agrochemicals,1751.8,1.27%,1.38% (Jul 2022),0.84% (Oct 2021)
 Kalpataru Power Transmission Ltd.,Transmission towers,1721.1,1.25%,1.34% (Oct 2021),1.16% (Dec 2021)
 L G Balakrishnan & Bros Ltd.,Auto ancillaries,1730.6,1.25%,1.35% (Jul 2022),0.83% (Sep 2021)
 Power Mech Projects Ltd.,Engineering,,1.25%,0.38%,
 Emami Ltd.,Personal care,1630.6,1.18%,1.42% (Sep 2021),1.16% (May 2022)
 Chalet Hotels Ltd.,Hotels/resorts,1611.5,1.17%,1.34% (Jun 2022),0.93% (Dec 2021)
 Unichem Laboratories Ltd.,Pharmaceuticals,1540.9,1.12%,1.15% (Jul 2022),0.83% (Nov 2021)
 Nilkamal Ltd.,Plastic products,1516.6,1.10%,1.88% (Sep 2021),1.1% (Aug 2022)
 Tata Metaliks Ltd.,Pig iron,1511.1,1.10%,1.51% (Sep 2021),1.05% (Jul 2022)
 Gateway Rail Freight Ltd.,Logistics solution provider,1505.4,1.09%,1.23% (Jul 2022),0% (Sep 2021)
 TV Today Network Ltd.,Tv broadcasting & software production,1500,1.09%,1.65% (Dec 2021),1.09% (Aug 2022)
 Nrb Bearings Ltd.,Bearings,1428.7,1.04%,1.07% (Nov 2021),0.79% (Mar 2022)
 Carborundum Universal Ltd.,Abrasives,1416,1.03%,1.21% (Dec 2021),0.99% (Apr 2022)
 Mirza International Ltd.,Leather and leather products,1424.8,1.03%,1.03% (Aug 2022),0% (Sep 2021)
 Procter & Gamble Health Ltd.,Pharmaceuticals,1346.5,0.98%,1.23% (Oct 2021),0.98% (Mar 2022)
 Shaily Engineering Plastics Ltd.,Plastic products,1345.6,0.98%,1.18% (Mar 2022),0.94% (Jan 2022)
 EIH Ltd,Hotels/resorts,1341.8,0.97%,1.04% (Apr 2022),0.76% (Dec 2021)
 DCB Bank Ltd.,Banks,1301.9,0.94%,0.95% (May 2022),0.76% (Mar 2022)
 Equitas Small Finance Bank Ltd.,Banks,1215.7,0.88%,1.29% (Oct 2021),0.88% (Aug 2022)
 Voltamp Transformers Ltd.,Power equipment,,0.84%,1.13% (Jul 2022),0% (Sep 2021)
 Advanced Enzyme Technologies Ltd.,Consumer products,,0.83%,1.23% (Sep 2021),0.83% (Aug 2022)
 Apar Industries Ltd.,Power equipment,,0.79%,0.79% (Aug 2022),0.39% (Sep 2021)
 Bajaj Consumer Care Ltd.,Personal care,,0.78%,1.26% (Sep 2021),0.75% (May 2022)
 GNA Axles Ltd.,Auto ancillaries,,0.69%,0.83% (Sep 2021),0.45% (Mar 2022)
 Goodyear India Ltd.,Tyres & allied,,0.69%,0.76% (Jun 2022),0.6% (Mar 2022)
 Repco Home Finance Ltd.,Housing finance,,0.67%,0.87% (Sep 2021),0.42% (Jun 2022)
 Greenlam Industries Ltd.,Plywood boards,,0.50%,0.57% (Mar 2022),0.41% (Sep 2021)
 IFGL Refractories Limited,Refractories,,0.49%,0.62% (Sep 2021),0.49% (Aug 2022)
 Engineers India Ltd.,Engineering,,0.48%,-0.03%,
# Bharat Earth Movers Ltd.,Industrial equipment,643.7,0.47%,0.47% (Aug 2022),0% (Sep 2021)
 Vesuvius India Ltd.,Refractories,561.2,0.41%,0.41% (Aug 2022),0.3% (Feb 2022)
 DB Corp Ltd.,Printing and publishing,515.8,0.37%,0.37% (Oct 2021),0.31% (Jun 2022)
 Multi Commodity Exchange Of India Ltd.,Other financial services,471.4,0.34%,0.47% (Oct 2021),0.34% (Aug 2022)
 Oriental Carbon and Chemicals Ltd.,Chemicals - inorganic,472,0.34%,0.43% (Sep 2021),0.33% (May 2022)
 VRL Logistic Ltd.,Logistics solution provider,434.3,0.31%,0.37% (Jun 2022),0% (Sep 2021)
 Rolex Rings Private Ltd.,Auto ancillaries,330.3,0.24%,0.26% (Jul 2022),0% (Sep 2021)
 Jagran Prakashan Ltd.,Printing and publishing,256.4,0.19%,0.22% (Feb 2022),0.17% (Jul 2022)
 Sadbhav Engineering Ltd.,Engineering, designing,0.10%,-0.01%,
 Suprajit Engineering Ltd.,Auto ancillaries,3022.5,3.37%,4.07% (Nov 2021),2.9% (Sep 2021)
 Ratnamani Metals & Tubes Ltd.,Steel products,2873.1,3.20%,3.26% (May 2022),2.23% (Jan 2022)
 Atul Ltd.,Chemicals - speciality,2863.7,3.19%,3.73% (Mar 2022),3.06% (May 2022)
 Cyient Ltd.,It enabled services – software,2839.8,3.16%,3.16% (Aug 2022),1.19% (Sep 2021)
K.P.R. Mill Ltd.,Fabrics and garments,2777.3,3.09%,3.53% (Dec 2021),2.89% (Jun 2022)
 Chambal Fertilizers & Chemicals Ltd.,Fertilisers-composite,2761.7,3.07%,3.93% (Jan 2022),2.64% (Jun 2022)
 Nilkamal Ltd.,Plastic products,2642.2,2.94%,4.4% (Sep 2021),2.92% (Jul 2022)
 GHCL Ltd.,Chemicals - inorganic,2327.8,2.59%,3.37% (Apr 2022),2.06% (Dec 2021)
 Triveni Engineering & Industries Ltd.,Sugar,2272.8,2.53%,2.85% (Apr 2022),2% (Sep 2021)
 Ipca Laboratories Ltd.,Pharmaceuticals,2260.1,2.52%,3.5% (Sep 2021),2.52% (Aug 2022)
 eClerx Services Ltd.,It enabled services – software,2147,2.39%,2.64% (Mar 2022),1.81% (Nov 2021)
 Tube Investments Of India Ltd.,Auto ancillaries,2124,2.36%,3.51% (Nov 2021),2.36% (Aug 2022)
 Sheela Foam Ltd.,Houseware,2107.3,2.35%,3.1% (Feb 2022),2.14% (Sep 2021)
 La-Opala RG Ltd.,Glass – consumer,2035.4,2.27%,2.27% (Aug 2022),1.49% (Apr 2022)
 Mold-Tek Packaging Ltd.,Packaging,1973.7,2.20%,2.2% (Aug 2022),1.33% (Sep 2021)
 Greenlam Industries Ltd.,Plywood boards,1797.3,2.00%,2.2% (Jan 2022),1.73% (Sep 2021)
 APL Apollo Tubes Ltd.,Steel products,1697.8,1.89%,2.08% (Nov 2021),1.76% (Jan 2022)
 Shoppers Stop Limited,Retailing,1559.9,1.74%,1.85% (Jun 2022),0.95% (Sep 2021)
 Kajaria Ceramics Ltd.,Sanitary ware,1525.8,1.70%,1.99% (Jan 2022),1.53% (Apr 2022)
 Paradeep Phosphates Ltd.,Fertilizers,1466.4,1.63%,1.63% (Aug 2022),0% (Sep 2021)
 Cera Sanitaryware Ltd.,Sanitary ware,1454.7,1.62%,2.5% (Sep 2021),1.4% (Apr 2022)
 Sharda Cropchem Ltd.,Pesticides and agrochemicals,1413,1.57%,2.45% (May 2022),0.97% (Oct 2021)
 DCB Bank Ltd.,Banks,1404.8,1.56%,1.56% (Aug 2022),1.09% (Mar 2022)
 Manappuram Finance Ltd.,Nbfc,1339.2,1.49%,3.18% (Oct 2021),1.35% (Jun 2022)
 INOX Leisure Ltd.,Flim production,1306.5,-0.62%,2.07% (Jul 2022),
 Dhanuka Agritech Ltd.,Pesticides and agrochemicals,1302.1,1.45%,1.67% (Feb 2022),1.44% (Oct 2021)
 Swaraj Engines Ltd.,Diesel engines,1277.4,1.42%,1.66% (Oct 2021),1.21% (Mar 2022)
 TTK Prestige Ltd.,Houseware,1275.7,1.42%,1.42% (Aug 2022),1.02% (Mar 2022)
 Narayana Hrudayalaya Ltd.,Hospital,1260,1.40%,1.56% (Mar 2022),1.09% (Sep 2021)
 Prism Johnson Ltd.,Sanitary ware,1229.7,1.37%,1.67% (Jan 2022),1.35% (Apr 2022)
 Kalyani Steels Ltd.,Steel,1204.6,1.34%,1.74% (Sep 2021),1.28% (Jul 2022)
 Vst Industries Ltd.,Cigarettes,1198.6,1.33%,1.43% (May 2022),1.2% (Dec 2021)
 Westlife Development Ltd.,Hotels/resorts,1174.1,1.31%,1.31% (Aug 2022),0.98% (Apr 2022)
 Finolex Industries Ltd.,Plastic products,1033.5,1.15%,2.3% (Oct 2021),1.03% (Jul 2022)
 Voltamp Transformers Ltd.,Power equipment,973.9,1.08%,1.44% (Jun 2022),0.72% (Oct 2021)
 SP Apparels Ltd.,Fabrics and garments,972.4,1.08%,1.08% (Aug 2022),0.68% (Oct 2021)
 Siyaram Silk Mills Ltd.,Fabrics and garments,969.6,1.08%,1.94% (Oct 2021),0.96% (Mar 2022)
 Techno Electric & Engineering Co. Ltd.,Engineering, designing,1.08%,-0.05%,
 Equitas Holdings Ltd.,Investment companies,949.1,1.06%,1.06% (Aug 2022),0.72% (Sep 2021)
 LT Foods Ltd.,Consumer food,940,1.05%,1.07% (Apr 2022),0.82% (Nov 2021)
 Vardhman Textiles Ltd.,Spinning-cotton/blended,935,1.04%,1.79% (Feb 2022),0.94% (Jun 2022)
 Welspun Corp Ltd.,Steel products,930.4,1.04%,1.22% (Jun 2022),0.72% (Oct 2021)
 Lumax Auto Technologies Ltd.,Auto ancillaries,921.3,1.03%,1.03% (Aug 2022),0.48% (Oct 2021)
 KNR Constructions,Construction civil,920.3,1.02%,1.35% (Feb 2022),1% (Oct 2021)
 Amrutanjan Health Care Ltd.,Pharmaceuticals,856.4,0.95%,1.3% (Oct 2021),0.95% (Aug 2022)
 Aarti Drugs Ltd.,Pharmaceuticals,854.3,0.95%,1.04% (Feb 2022),0.6% (Sep 2021)
 Vedant Fashions Ltd.,Speciality retail,836,0.93%,0.93% (Aug 2022),0% (Sep 2021)
 Subros Ltd.,Auto ancillaries,790,0.88%,1.04% (Oct 2021),0.87% (May 2022)
 Thangamayil Jewellery Ltd.,Gems, jewellery and watches,768.5,0.04%,0.91% (Feb 2022)
# Rolex Rings Private Ltd.,Auto ancillaries,709.3,0.79%,0.79% (Aug 2022),0% (Sep 2021)
 V-Mart Retail Ltd.,Retailing,704.6,0.78%,1.19% (Oct 2021),0.75% (Jun 2022)
 Dwarikesh Sugar Industries Ltd.,Sugar,595,0.66%,0.89% (Mar 2022),0.58% (Nov 2021)
 Prince Pipes and Fittings Ltd.,Plastic products,576,0.64%,0.64% (Aug 2022),0% (Sep 2021)
 Zensar Technologies Ltd.,Computers - software,557.4,0.62%,1.48% (Dec 2021),0.62% (Aug 2022)
 Finolex Cables Ltd.,Cables - electricals,551.5,0.61%,1.81% (Nov 2021),0.59% (May 2022)
#NAME?,Other financial services,540.7,0.60%,0.68% (Jun 2022),0% (Sep 2021)
 Sandhar Technologies Ltd.,Auto ancillaries,507.5,0.56%,0.72% (Jun 2022),0.5% (Feb 2022)
 Prudent Corporate Advisory Services Ltd.,Stockbroking and allied,462.4,0.51%,0.53% (May 2022),0% (Sep 2021)
 Himatsingka Seide Ltd.,Fabrics and garments,444.1,0.49%,0.95% (Sep 2021),0.49% (Aug 2022)
# Heritage Foods (india) Ltd.,Consumer food,440.7,0.49%,0.49% (Aug 2022),0% (Sep 2021)
 Safari Industries (India) Ltd.,Plastic products,437.1,0.49%,0.49% (Aug 2022),0% (Sep 2021)
 Graphite India Ltd.,Electrodes,436,0.49%,0.63% (Apr 2022),0% (Sep 2021)
 Amber Enterprises India Ltd.,Air conditioner,433,0.48%,0.82% (Feb 2022),0.48% (Aug 2022)
 Just Dial Ltd.,It enabled services – software,344.3,0.38%,0.6% (Jan 2022),0.36% (Oct 2021)
 Repco Home Finance Ltd.,Housing finance,328.4,0.37%,0.62% (Sep 2021),0.22% (Jun 2022)
 Dodla Dairy Ltd.,Dairy products,313.9,0.35%,0.44% (Sep 2021),0.32% (Feb 2022)
 Campus Activewear Ltd.,Footwear,249.2,0.28%,0.28% (Aug 2022),0% (Sep 2021)
 Rainbow Childrens Medicare Ltd.,Hospital,225.4,0.25%,0.25% (Aug 2022),0% (Sep 2021)
 TCPL Packaging Ltd.,Packaging,217.9,0.24%,0.24% (Aug 2022),0% (Sep 2021)
 Muthoot Capital Services Ltd.,Nbfc,180.6,0.20%,0.48% (Oct 2021),0.19% (Jul 2022)
 Equitas Small Finance Bank Ltd.,Banks,17.7,0.02%,0.67% (Oct 2021),0.02% (Aug 2022)
 Elgi Equipments Ltd.,Compressors / pumps,6727.2,4.79%,4.79% (Aug 2022),3.02% (Oct 2021)
 Vedant Fashions Ltd.,Speciality retail,5832.4,4.15%,4.15% (Aug 2022),0% (Sep 2021)
 Sheela Foam Ltd.,Houseware,4681.4,3.33%,4.9% (Feb 2022),3.05% (Sep 2021)
 Blue Star Ltd.,Air conditioner,4626.3,3.29%,3.9% (Feb 2022),3.06% (Jan 2022)
 Fine Organic Industries Ltd.,Chemicals - speciality,4327.1,3.08%,3.32% (Jul 2022),2.38% (Sep 2021)
 Rajratan Global Wire Ltd.,Steel products,4235.9,3.02%,3.02% (Aug 2022),1.34% (Dec 2021)
 Carborundum Universal Ltd.,Abrasives,4168.5,2.97%,4.43% (Sep 2021),2.97% (Aug 2022)
 V-Guard Industries Ltd.,Industrial electronics,3861.6,2.75%,3.31% (May 2022),2.22% (Apr 2022)
 Timken India Ltd.,Bearings,3576.3,2.55%,2.75% (Jul 2022),1.94% (Apr 2022)
 Lemon Tree Hotels Ltd.,Hotels,3497.5,2.49%,2.74% (Apr 2022),2.05% (Nov 2021)
 Grindwell Norton Ltd.,Abrasives,3171.2,2.26%,2.46% (Dec 2021),1.91% (Sep 2021)
 Triveni Turbine Ltd.,Power equipment,3163.5,2.25%,2.79% (Oct 2021),2.06% (Jul 2022)
 Chalet Hotels Ltd.,Hotels/resorts,3131.8,2.23%,2.63% (Jun 2022),1.86% (Dec 2021)
 Narayana Hrudayalaya Ltd.,Hospital,3078,2.19%,2.83% (Mar 2022),2.16% (Oct 2021)
 Navin Flourine International Ltd.,Chemicals - inorganic,2992.1,2.13%,2.94% (Dec 2021),2.13% (Aug 2022)
 Finolex Industries Ltd.,Plastic products,2940.7,2.09%,3.52% (Oct 2021),1.76% (Jul 2022)
 Hatsun Agro Products Ltd.,Consumer food,2939.6,2.09%,3.94% (Sep 2021),2.09% (Aug 2022)
 Esab India Ltd.,Electrodes,2924.5,2.08%,2.73% (Jun 2022),1.94% (Sep 2021)
 Kalpataru Power Transmission Ltd.,Transmission towers,2791.9,1.99%,2.49% (Sep 2021),1.98% (Jul 2022)
 TTK Prestige Ltd.,Houseware,2789.5,1.99%,2.37% (Oct 2021),1.61% (Apr 2022)
 WABCO India Ltd.,Auto ancillaries,2492.9,1.78%,1.96% (Dec 2021),1.67% (Apr 2022)
 V-Mart Retail Ltd.,Retailing,2186.7,1.56%,2.86% (Oct 2021),1.56% (Aug 2022)
 Cms Info Systems Ltd.,Diversified commercial services,2155.3,1.53%,1.9% (Mar 2022),0% (Sep 2021)
 Hawkins Cookers Ltd.,Consumer products,2152.7,1.53%,2.25% (Sep 2021),1.53% (Aug 2022)
PVR Ltd.,Flim production,2150.6,1.53%,,1.53% (Aug 2022)
 KNR Constructions,Construction civil,2014.5,1.43%,2.18% (Feb 2022),1.43% (Aug 2022)
 Vst Industries Ltd.,Cigarettes,2001.6,1.43%,1.85% (Sep 2021),1.43% (Aug 2022)
Rossari Biotech Ltd.,Chemicals - speciality,1985.6,1.41%,2.86% (Sep 2021),1.41% (Jul 2022)
 City Union Bank Ltd.,Banks,1979.5,1.41%,1.74% (Oct 2021),1.22% (Mar 2022)
 Ahluwalia Contracts (India) Ltd.,Construction civil,1966.1,1.40%,1.93% (Apr 2022),0.98% (Feb 2022)
 G R Infraprojects Ltd.,Construction civil,1905.8,1.36%,2.59% (Oct 2021),1.32% (Jun 2022)
 Dodla Dairy Ltd.,Dairy products,1881.2,1.34%,1.81% (Sep 2021),1.18% (Feb 2022)
 Go Fashion (India) Ltd.,Speciality retail,1864.9,1.33%,1.53% (Dec 2021),0% (Sep 2021)
 Relaxo Footwears Ltd.,Leather and leather products,1801,1.28%,2.25% (Oct 2021),1.28% (Aug 2022)
 Chemplast Sanmar Ltd.,Chemicals - organic,1614.6,1.15%,2.27% (Oct 2021),1.15% (Aug 2022)
Ratnamani Metals & Tubes Ltd.,Steel products,1581.2,1.13%,1.27% (Mar 2022),0.96% (Jan 2022)
Star Cement Ltd.,Cement products,1327.2,0.95%,1.5% (Sep 2021),0.95% (Jul 2022)
 CSB Bank Ltd.,Banks,1198.7,0.85%,1.71% (Sep 2021),0.85% (Aug 2022)
Nuvoco Vistas Corporation Ltd.,Cement,1188.8,0.85%,1.13% (Mar 2022),0% (Sep 2021)
 GE T&D India Ltd.,Power equipment,1136,0.81%,1.06% (Sep 2021),0.67% (Mar 2022)
 Brigade Enterprises Ltd.,Residential/commercial/sez project,1134.6,0.81%,0.85% (Jul 2022),0% (Sep 2021)
 Engineers India Ltd.,Engineering, designing,0.57%,-0.04%,
 Garware Technical Fibres Ltd.,Textiles,736.9,0.52%,0.69% (Sep 2021),0.52% (Mar 2022)
 Alembic Limited,Pharmaceuticals,734.5,0.52%,1.13% (Sep 2021),0.52% (Aug 2022)
 Thangamayil Jewellery Ltd.,Gems, jewellery and watches,643.8,-0.01%,0.73% (Nov 2021)
# Westlife Development Ltd.,Hotels/resorts,608.6,0.43%,0.43% (Aug 2022),0% (Sep 2021)
 Anand Rathi Wealth Services Ltd.,Other financial services,458.6,0.33%,0.39% (Jun 2022),0% (Sep 2021)
 Zydus Wellness Ltd.,Consumer products,302.3,0.22%,0.27% (Jun 2022),0% (Sep 2021)
Shreno Ltd.,Engineering,168.1,0.12%,0% (Sep 2022),0% (Sep 2022)
 Tube Investments Of India Ltd.,Auto ancillaries,7397.4,3.42%,3.42% (Aug 2022),2.66% (Sep 2021)
 CreditAccess Grameen Ltd.,Nbfc,4358.4,2.01%,2.51% (May 2022),0.91% (Nov 2021)
 Magma Fincorp Ltd.,Nbfc,4322.9,2.00%,2.18% (Apr 2022),1.33% (Sep 2021)
 KPIT Technologies Ltd.,Computers - software,4136.4,1.91%,3.15% (Dec 2021),1.74% (Oct 2021)
 HDFC Bank Ltd.,Banks,4012.5,1.85%,2.01% (May 2022),0% (Sep 2021)
 Bajaj Electricals Ltd.,Home appliances,3775.2,1.74%,2.31% (Sep 2021),1.62% (May 2022)
 Fine Organic Industries Ltd.,Chemicals - speciality,3742.1,1.73%,1.73% (Aug 2022),1.03% (Sep 2021)
 Tejas Networks Ltd.,Telecom - cables,3548.4,1.64%,1.64% (Sep 2021),1.25% (Jan 2022)
 NIIT Ltd,It education,3488.2,1.61%,3.28% (Mar 2022),1.61% (Oct 2021)
 Navin Flourine International Ltd.,Chemicals - inorganic,3365,1.55%,2.25% (Dec 2021),1.55% (Aug 2022)
 Bank Of Baroda,Banks,3277.2,1.51%,1.51% (Aug 2022),0.34% (Sep 2021)
 Balrampur Chini Mills Ltd.,Sugar,3256.6,1.50%,2.42% (Mar 2022),1.5% (Aug 2022)
 Timken India Ltd.,Bearings,3219.1,1.49%,1.56% (Jul 2022),1.03% (Sep 2021)
 Zydus Wellness Ltd.,Consumer products,3093.7,1.43%,1.54% (Jul 2022),0.76% (Mar 2022)
 State Bank Of India,Banks,2868.8,1.32%,1.4% (Jul 2022),0.71% (Dec 2021)
 Birla Corporation Ltd.,Cement,2830.9,1.31%,2.53% (Oct 2021),1.31% (Aug 2022)
 Carborundum Universal Ltd.,Abrasives,2755.7,1.27%,1.71% (Nov 2021),1.26% (May 2022)
 Affle India Ltd.,It enabled services – software,2753.3,1.27%,1.46% (Jan 2022),1.1% (Jul 2022)
 Axis Bank Ltd.,Banks,2630.3,1.21%,1.46% (Feb 2022),0.44% (Sep 2021)
 Honeywell Automation India Ltd.,Industrial electronics,2612.6,1.21%,1.39% (Jan 2022),1.04% (May 2022)
 K.P.R. Mill Ltd.,Fabrics and garments,2595.5,1.20%,1.54% (Feb 2022),1.07% (Sep 2021)
 Orient Electric Ltd.,Home appliances,2520.7,1.16%,2.15% (Nov 2021),1.16% (Aug 2022)
 Mahindra & Mahindra Ltd.,Passenger/utility vehicles,2486.5,1.15%,1.15% (Aug 2022),0% (Sep 2021)
 Dixon Technologies (India) Ltd.,Consumer elctronics,2462.2,1.14%,1.76% (Dec 2021),1.09% (Jul 2022)
 Central Depository Services (India) Ltd.,Capital markets,2453.9,1.13%,1.62% (Nov 2021),1.09% (Jul 2022)
 Hindustan Aeronautics Ltd.,Airlines,2433.9,1.12%,1.12% (Aug 2022),0.39% (Dec 2021)
 eClerx Services Ltd.,It enabled services – software,2424.4,1.12%,1.62% (Dec 2021),1.12% (Aug 2022)
Larsen & Toubro Ltd.,Engineering, designing,1.10%,0.00%,
 Deepak Nitrite Ltd.,Chemicals - speciality,2348.2,1.08%,4.11% (Sep 2021),1.08% (Aug 2022)
 Multi Commodity Exchange Of India Ltd.,Other financial services,2340.6,1.08%,1.25% (Jul 2022),0.55% (Dec 2021)
 Radico Khaitan Ltd.,Brew/distilleries,2333.4,1.08%,2.06% (Oct 2021),0.96% (May 2022)
 West Coast Paper Mills Ltd.,Paper and paper products,2314.8,1.07%,1.07% (Aug 2022),0.54% (Jan 2022)
 Kirloskar Pneumatic Co. Ltd.,Compressors / pumps,2284.6,1.06%,1.06% (Aug 2022),0.84% (Sep 2021)
 Bharat Electronics Ltd.,Industrial electronics,2276.1,1.05%,1.11% (Jul 2022),0% (Sep 2021)
 Cyient Ltd.,It enabled services – software,2175.9,1.00%,1.56% (Sep 2021),1% (Aug 2022)
 Vardhman Textiles Ltd.,Spinning-cotton/blended,2092.1,0.97%,0.97% (Aug 2022),0.44% (Sep 2021)
 Jyothy Laboratories Ltd.,Personal care,1904.7,0.88%,0.88% (Aug 2022),0.61% (Dec 2021)
 Century Textile & Industries Ltd.,Cement,1870.4,0.86%,0.86% (Aug 2022),0.57% (Oct 2021)
 Linde India Ltd.,Industrial gas,1799.5,0.83%,1.08% (Mar 2022),0.51% (Dec 2021)
 Persistent Systems Ltd.,Computers - software,1759,0.81%,1.64% (Dec 2021),0.81% (Aug 2022)
Elantas Beck India Ltd.,Chemicals - organic,1752.9,0.81%,0.86% (Oct 2021),0.71% (Mar 2022)
 Apar Industries Ltd.,Power equipment,1730.6,0.80%,0.8% (Aug 2022),0.44% (Mar 2022)
 Grindwell Norton Ltd.,Abrasives,1715.7,0.79%,0.79% (Aug 2022),0.39% (Sep 2021)
 HG Infra Engineering Ltd.,Engineering, designing,0.79%,-0.04%,
 Sterlite Technologies Ltd.,Telecom - cables,1705.5,0.79%,1.57% (Dec 2021),0.7% (Jul 2022)
 Karur Vysya Bank Ltd,Banks,1704.7,0.79%,0.79% (Aug 2022),0.28% (Dec 2021)
 Rallis India Ltd.,Pesticides and agrochemicals,1697.7,0.78%,1.03% (Sep 2021),0.78% (Aug 2022)
Ajanta Pharma Limited,Pharmaceuticals,1673.7,0.77%,0.77% (Aug 2022),0.15% (Apr 2022)
 Sapphire Foods India Ltd.,Restaurants,1653.4,0.76%,0.76% (Aug 2022),0% (Sep 2021)
 Procter & Gamble Health Ltd.,Pharmaceuticals,1652.1,0.76%,0.85% (Jul 2022),0.34% (Sep 2021)
 Mahindra CIE Automotive Ltd.,Castings/forgings,1645.5,0.76%,0.76% (Aug 2022),0.43% (Mar 2022)
 Bayer Cropscience Ltd.,Pesticides and agrochemicals,1643.7,0.76%,0.87% (May 2022),0.67% (Apr 2022)
 Finolex Cables Ltd.,Cables - electricals,1619.1,0.75%,0.76% (Nov 2021),0.49% (Mar 2022)
 Indian Hotels Company Limited,Hotels/resorts,1616.9,0.75%,0.75% (Aug 2022),0.15% (Nov 2021)
 Paradeep Phosphates Ltd.,Fertilizers,1589.5,0.73%,0.76% (Jul 2022),0% (Sep 2021)
 Voltamp Transformers Ltd.,Power equipment,1537.1,0.71%,0.95% (Jul 2022),0.48% (Oct 2021)
 Raymond Ltd.,Fabrics and garments,1536.6,0.71%,0.84% (May 2022),0.42% (Sep 2021)
 SIS Ltd.,Diversified commercial services,1518.8,0.70%,0.86% (Sep 2021),0.66% (Jul 2022)
 Fineotex Chemical Ltd.,Chemicals - speciality,1426.7,0.66%,0.66% (Aug 2022),0.41% (Nov 2021)
 Kirloskar Brothers Ltd.,Compressors / pumps,1423.8,0.66%,0.98% (Oct 2021),0.61% (May 2022)
 Polyplex Corporation Ltd.,Packaging,1417,0.65%,1.26% (Apr 2022),0.65% (Aug 2022)
 RITES Ltd.,Engineering, designing,0.64%,0.04%,
 Vindhya Telelinks Ltd.,Telecom - cables,1370.1,0.63%,0.68% (Oct 2021),0.51% (May 2022)
 Automotive Axles Ltd.,Auto ancillaries,1338.6,0.62%,0.66% (Jul 2022),0.5% (Sep 2021)
 Tata Consumer Products Ltd.,Tea & coffee,1335.9,0.62%,1.08% (Apr 2022),0.62% (Aug 2022)
 Pfizer Ltd.,Pharmaceuticals,1325.4,0.61%,0.72% (May 2022),0% (Sep 2021)
 Zomato Ltd.,E-retail/ e-commerce,1316.8,0.61%,0.61% (Aug 2022),0% (Sep 2021)
 Tata Steel Long Products Ltd.,Sponge iron,1309.1,0.60%,1.1% (Sep 2021),0.6% (Aug 2022)
Ion Exchange (India) Ltd.,Engineering,1304.6,0.60%,0.83% (Sep 2021),0.54% (Apr 2022)
 Gokaldas Exports Ltd.,Fabrics and garments,1248.7,0.58%,0.82% (May 2022),0% (Sep 2021)
 Honda Siel Power Products Ltd.,Power equipment,1247.4,0.58%,0.7% (May 2022),0.55% (Mar 2022)
 TD Power Systems Ltd.,Power equipment,1235.7,0.57%,0.58% (Jul 2022),0.35% (Apr 2022)
 Chambal Fertilizers & Chemicals Ltd.,Fertilisers-composite,1155.8,0.53%,1.04% (Apr 2022),0.48% (Jun 2022)
 Godrej Agrovet Ltd.,Consumer food,1149,0.53%,0.63% (May 2022),0% (Sep 2021)
 Lux Industries Ltd.,Fabrics and garments,1135.9,0.52%,1.1% (Nov 2021),0.49% (Jun 2022)
 Asahi India Glass Ltd.,Auto ancillaries,1126.4,0.52%,0.52% (Jun 2022),0.26% (Sep 2021)
 FDC Ltd.,Pharmaceuticals,1120.6,0.52%,0.89% (Sep 2021),0.52% (Aug 2022)
 Genus Power Infrastructures Ltd.,Industrial electronics,1102.2,0.51%,0.68% (Apr 2022),0.47% (Feb 2022)
 V.I.P. Industries Ltd,Plastic products - consumer,1070.9,0.49%,0.7% (Mar 2022),0.49% (Aug 2022)
 VST Tillers Tractors Ltd.,Tractors,1036.7,0.48%,0.64% (Jan 2022),0.48% (Aug 2022)
 MTAR Technologies Ltd.,Defense,1027.2,0.47%,0.82% (Dec 2021),0.39% (Jul 2022)
 Birlasoft Ltd.,Computers - software,1003.6,0.46%,0.87% (Dec 2021),0.46% (Aug 2022)
 Indoco Remedies Ltd.,Pharmaceuticals,984.1,0.45%,0.74% (Oct 2021),0.45% (Aug 2022)
Praj Industries Ltd.,Engineering, designing,0.45%,0.00%,
 Emudhra Ltd.,Software products,983,0.45%,0.46% (Jul 2022),0% (Sep 2021)
 Bajaj Consumer Care Ltd.,Personal care,953.7,0.44%,0.64% (Sep 2021),0.38% (May 2022)
 Just Dial Ltd.,It enabled services – software,916,0.42%,0.66% (Apr 2022),0% (Sep 2021)
 Astec Lifesciences Ltd.,Pesticides and agrochemicals,904.2,0.42%,0.43% (Jul 2022),0% (Sep 2021)
 Kalpataru Power Transmission Ltd.,Transmission towers,896.8,0.41%,0.63% (Oct 2021),0.4% (Apr 2022)
 ISGEC Heavy Engineering Ltd.,Industrial equipment,871.3,0.40%,0.81% (Sep 2021),0.4% (Aug 2022)
 Care Ratings Ltd.,Ratings,826.9,0.38%,0.41% (May 2022),0% (Sep 2021)
 Supriya Lifescience Ltd.,Pharmaceuticals,821.8,0.38%,0.69% (Dec 2021),0% (Sep 2021)
JTEKT India Ltd.,Auto ancillaries,805.3,0.37%,0.37% (Jul 2022),0.25% (Feb 2022)
 AstraZeneca Pharma India Ltd.,Pharmaceuticals,802.9,0.37%,0.42% (Nov 2021),0.32% (Mar 2022)
 Brigade Enterprises Ltd.,Residential/commercial/sez project,773.3,0.36%,0.43% (Nov 2021),0.35% (Apr 2022)
Stove Kraft Ltd.,Home appliances,770.8,0.36%,0.63% (Sep 2021),0.36% (Jul 2022)
 PNC Infratech Ltd.,Construction civil,754,0.35%,0.44% (Sep 2021),0.27% (Dec 2021)
 Sundaram Finance Holdings Ltd.,Investment companies,753.4,0.35%,0.44% (Oct 2021),0.34% (Mar 2022)
 Gland Pharma Ltd.,Pharmaceuticals,753.2,0.35%,0.35% (Aug 2022),0% (Sep 2021)
 Triveni Engineering & Industries Ltd.,Sugar,748.8,0.35%,0.51% (Mar 2022),0.34% (Sep 2021)
 HDFC Life Insurance Company Ltd.,Insurance,738.4,0.34%,0.54% (Sep 2021),0.34% (Aug 2022)
 Coal India Ltd.,Industrial minerals,704.4,0.33%,0.33% (Aug 2022),0% (Sep 2021)
 India Cements Ltd.,Cement,695.6,0.32%,0.32% (Aug 2022),0% (Sep 2021)
 Intellect Design Arena ltd.,Computers - software,679.5,0.31%,0.6% (Mar 2022),0.31% (Aug 2022)
 Pokarna Ltd.,Sanitary ware,676.3,0.31%,0.51% (Jan 2022),0.28% (Jun 2022)
 INEOS Styrolution India Ltd.,Plastic products,652.2,0.30%,0.47% (Sep 2021),0.25% (Mar 2022)
 J.b. Chemicals & Pharmaceuticals Ltd.,Pharmaceuticals,635.4,0.29%,0.54% (Sep 2021),0% (Sep 2021)
 L G Balakrishnan & Bros Ltd.,Auto ancillaries,622.9,0.29%,0.4% (Dec 2021),0.26% (Mar 2022)
Tata Coffee Ltd,Tea & coffee,619.3,0.29%,0.42% (Sep 2021),0.28% (Jun 2022)
 Mahindra Logistics Ltd.,Logistics solution provider,601.9,0.28%,0.65% (Sep 2021),0.28% (Aug 2022)
Orient Cement Ltd.,Cement,597.4,0.28%,0.4% (Feb 2022),0.28% (Jul 2022)
 Sandhar Technologies Ltd.,Auto ancillaries,582.8,0.27%,0.42% (Sep 2021),0.27% (Aug 2022)
 Apex Frozen Foods Ltd.,Consumer food,554.4,0.26%,0.28% (Sep 2021),0.23% (May 2022)
 Shriram Properties Pvt Ltd.,Residential/commercial/sez project,520,0.24%,0.29% (Jan 2022),0% (Sep 2021)
Thyrocare Technologies Ltd.,Healthcare service providers,470.6,0.22%,0.22% (Aug 2022),0% (Sep 2021)
 KEC International Ltd.,Engineering, designing,0.21%,,0.21%
 SBI Life Insurance Co Ltd.,Insurance,456.1,0.21%,0.24% (Sep 2021),0.19% (Apr 2022)
 Texmaco Rail & Engineering Ltd.,Engineering, designing,0.20%,0.02%,
 Thermax Ltd.,Industrial equipment,424.9,0.20%,0.22% (Oct 2021),0% (Sep 2021)
 Vesuvius India Ltd.,Refractories,414.7,0.19%,0.19% (Aug 2022),0% (Sep 2021)
Cesc Ltd.,Power,405.4,0.19%,0.19% (Jul 2022),0% (Sep 2021)
 Apollo Tyres Limited,Tyres & allied,396.6,0.18%,0.18% (Aug 2022),0% (Sep 2021)
Kirloskar Ferrous Industries Ltd.,Pig iron,381.1,0.18%,0.18% (Aug 2022),0% (Sep 2021)
 Life Insurance Corporation Of India,Life insurance,380.9,0.18%,0.25% (May 2022),0% (Sep 2021)
Ashoka Buildcon Ltd.,Engineering, designing,0.17%,,
 Rolex Rings Private Ltd.,Auto ancillaries,366,0.17%,0.2% (Jul 2022),0.1% (Dec 2021)
 Paras Defence and Space Technologies Ltd.,Defense,349.2,0.16%,0.26% (Oct 2021),0.06% (Sep 2021)
Venus Pipes and Tubes Ltd.,Iron & steel products,342.1,0.16%,0.16% (Aug 2022),0% (Sep 2021)
 City Union Bank Ltd.,Banks,341.1,0.16%,0.16% (Aug 2022),0% (Sep 2021)
Electrosteel Castings Ltd.,Castings/forgings,337.7,0.16%,0.19% (Jan 2022),0% (Sep 2021)
 Tarsons Products Ltd.,Medical equipment & supplies,336.9,0.16%,0.18% (Jul 2022),0% (Sep 2021)
 Aster DM Healthcare Ltd.,Hospital,332.7,0.15%,0.17% (Jul 2022),0.09% (Dec 2021)
 KEI Industries Ltd.,Cables - electricals,328.8,0.15%,0.15% (Mar 2022),0.12% (Sep 2021)
 Subros Ltd.,Auto ancillaries,327.2,0.15%,0.21% (Oct 2021),0.15% (Aug 2022)
 Avanti Feeds Ltd.,Animal feed,292.3,0.13%,0.18% (Jan 2022),0.05% (Nov 2021)
 Capacite Infraprojects Ltd.,Residential/commercial/sez project,280.4,0.13%,0.16% (Dec 2021),0.09% (Jul 2022)
Castrol (India) Ltd.,Lubricants,273.8,0.13%,0.14% (Jun 2022),0% (Sep 2021)
 Varroc Engineering Pvt Ltd.,Auto ancillaries,271.8,0.13%,0.13% (Aug 2022),0% (Sep 2021)
 Techno Electric & Engineering Co. Ltd.,Engineering, designing,0.11%,-0.01%,
Tatva Chintan Pharma Chem Ltd.,Chemicals - speciality,211.4,0.10%,0.11% (Jun 2022),0% (Sep 2021)
 Orient Paper & Industries Ltd.,Home appliances,209.9,0.10%,0.18% (Sep 2021),0.08% (Jul 2022)
Equitas Small Finance Bank Ltd.,Banks,187.7,0.09%,0.09% (Aug 2022),0% (Sep 2021)
Jubilant Ingrevia Ltd.,Chemicals - speciality,185.1,0.09%,0.09% (Aug 2022),0% (Sep 2021)
AGS Transact Technologies Ltd.,Diversified commercial services,169.2,0.08%,0.17% (Jan 2022),0% (Sep 2021)
Galaxy Surfactants Ltd.,Chemicals - speciality,162.8,0.08%,0.71% (Sep 2021),0.08% (Jul 2022)
 Valiant Organics Ltd.,Chemicals - organic,162.5,0.08%,0.24% (Sep 2021),0.08% (Aug 2022)
Orient Refractories Ltd.,Castings/forgings,64.4,0.03%,0.03% (Jun 2022),0% (Sep 2021)
Mishra Dhatu Nigam Ltd.,Steel,21.3,0.01%,0.01% (Aug 2022),0% (Sep 2021)
